"Branch_ID","Branch_address","Branch_province","Branch_region","Branch_phone"
"1","36 West Fabien St.","Lincoln","Kentucky","598547-1751"
"2","935 Nobel Way","Arlington","Iowa","378301-0429"
"3","91 Hague Parkway","Newark","Indiana","071043-3590"
"4","50 Cowley Avenue","Sacramento","New York","357-497-5855"
"5","525 North Old Parkway","Los Angeles","Mississippi","128-468-9345"
"6","48 Old Freeway","San Diego","Washington","700-5610971"
"7","545 New Way","Anchorage","Delaware","198178-7652"
"8","80 White New St.","Honolulu","West Virginia","051-5735001"
"9","16 Nobel St.","Fresno","New Jersey","4869580165"
"10","361 Milton Way","Raleigh","Colorado","809585-3534"
"11","76 Cowley Way","New Orleans","Wisconsin","0778085650"
"12","11 White Second Road","Louisville","Maine","317-413-6227"
"13","39 White New Blvd.","Albuquerque","Arkansas","413-248-8234"
"14","19 White Fabien Drive","Colorado","Arkansas","825280-9356"
"15","220 East Second Street","Jackson","Missouri","580-333-9239"
"16","936 North Cowley Boulevard","Santa Ana","Delaware","179375-6112"
"17","28 Rocky Oak Road","Colorado","Wisconsin","9829195842"
"18","641 New Avenue","Fresno","California","041136-7294"
"19","448 Clarendon Street","Jackson","South Dakota","211005-0839"
"20","790 Cowley Drive","Montgomery","Illinois","533-105-5176"
"21","458 Rocky Hague Avenue","Charlotte","Missouri","724-3640891"
"22","87 Cowley Boulevard","Grand Rapids","Arkansas","3074942671"
"23","41 White Cowley Boulevard","Rochester","Tennessee","829-848-8878"
"24","727 East Hague Avenue","Tulsa","Rhode Island","3044498784"
"25","21 Nobel Parkway","San Antonio","Georgia","693888-8144"
"26","96 West Green Nobel Way","San Antonio","Pennsylvania","6252214396"
"27","901 East Old Road","Virginia Beach","Idaho","063950-4117"
"28","735 Second Blvd.","Milwaukee","South Carolina","295-6294870"
"29","434 Clarendon Avenue","Corpus Christi","Washington","491-2860148"
"30","88 White Old Way","Portland","Colorado","0134777655"
"31","67 Rocky Second Blvd.","Rochester","Alaska","0895074273"
"32","85 Rocky Cowley Avenue","Buffalo","Rhode Island","5713477140"
"33","32 Cowley Boulevard","Garland","Kansas","621217-0356"
"34","855 Oak St.","Phoenix","Colorado","294047-6019"
"35","858 New Street","Houston","Maryland","4572023071"
"36","50 Cowley Blvd.","Spokane","Wisconsin","081-765-2487"
"37","909 Hague Boulevard","St. Louis","Florida","1084691792"
"38","527 West White Old Blvd.","San Jose","South Carolina","066-780-7046"
"39","46 First Parkway","Chicago","Georgia","724-2123925"
"40","291 East Rocky Fabien Street","Cleveland","South Carolina","9725862055"
"41","42 Oak Way","St. Paul","Louisiana","4128258473"
"42","77 First St.","Grand Rapids","Colorado","8640778559"
"43","75 White Hague Drive","Pittsburgh","Wisconsin","267-2676135"
"44","98 Milton Way","Baton Rouge","Tennessee","103656-7466"
"45","134 Green Clarendon Parkway","Los Angeles","Nevada","275272-1972"
"46","666 New St.","Long Beach","Georgia","831-829-6020"
"47","380 West Hague Avenue","Anchorage","Alaska","8909563813"
"48","294 Nobel Way","Wichita","Nebraska","6833210712"
"49","40 Rocky Hague St.","Mesa","New York","142199-3765"
"50","549 South Rocky First Boulevard","Raleigh","Vermont","906863-6716"
"51","91 Second Boulevard","Lubbock","Wyoming","133-966-7834"
"52","817 Rocky Clarendon St.","Santa Ana","Wisconsin","656912-4174"
"53","19 White Oak St.","Santa Ana","Illinois","3739333456"
"54","486 Milton Blvd.","Portland","Montana","938-0169197"
"55","90 East Oak Drive","Arlington","Georgia","881-956-3281"
"56","15 White First St.","Fort Wayne","Indiana","455-1351184"
"57","59 White Fabien Way","Long Beach","Minnesota","7364324768"
"58","695 New Parkway","San Francisco","Missouri","834357-5225"
"59","988 West White New Freeway","Long Beach","Michigan","8610521380"
"60","31 Fabien Drive","Glendale","Oregon","4678612554"
"61","80 North Rocky Hague Drive","Jersey","Ohio","107758-2094"
"62","82 Rocky Nobel Road","Mesa","Maine","0778532568"
"63","580 New Street","Des Moines","Alaska","408-0699848"
"64","337 Cowley St.","Milwaukee","Missouri","8664856709"
"65","71 South First Boulevard","Phoenix","California","199224-4795"
"66","842 North Green Nobel St.","Baton Rouge","Hawaii","005588-6492"
"67","877 Oak Avenue","Riverside","Arkansas","259085-5230"
"68","50 Rocky Old Parkway","Oklahoma","West Virginia","680-5102090"
"69","909 East Old Drive","Wichita","Ohio","721984-2535"
"70","90 Hague Avenue","Yonkers","Montana","257748-0419"
"71","700 Green Nobel Boulevard","Washington","Wyoming","984-3148483"
"72","378 White New Freeway","Tulsa","Florida","085-7333300"
"73","59 White Old Street","Honolulu","Vermont","464-3001001"
"74","95 White Clarendon Avenue","Tampa","Alabama","355-2986550"
"75","972 First Avenue","Oklahoma","Virginia","904-1069861"
"76","65 South Hague Freeway","Santa Ana","Maine","622788-5888"
"77","98 West Rocky First Freeway","Minneapolis","California","859056-3895"
"78","888 Rocky First Avenue","Tacoma","Wyoming","327-329-1232"
"79","189 Clarendon Drive","Sacramento","Idaho","318-4810505"
"80","911 Rocky Cowley Blvd.","Shreveport","Wyoming","982-214-5589"
"81","186 West Rocky Fabien Avenue","Pittsburgh","Oklahoma","7241055082"
"82","82 Green Second Drive","Hialeah","Ohio","7242001765"
"83","384 North Green Old Road","Norfolk","Delaware","8017138358"
"84","926 White Oak Avenue","Garland","Arizona","231302-7285"
"85","528 East Green Old St.","Minneapolis","Colorado","439-5905871"
"86","77 West New St.","San Francisco","Arkansas","841-7517789"
"87","759 Green Old Parkway","Fort Wayne","Montana","428-440-3236"
"88","913 Green New Street","Birmingham","South Dakota","4312158244"
"89","24 Green Old Parkway","San Antonio","Virginia","701-396-3487"
"90","62 North Oak Street","San Diego","Connecticut","4144623721"
"91","799 Green First St.","Arlington","Nebraska","205211-4702"
"92","12 Rocky Clarendon Drive","Seattle","Ohio","8376740719"
"93","749 Clarendon Parkway","Mobile","Louisiana","5743923028"
"94","31 Clarendon Avenue","Baltimore","Mississippi","760-9924652"
"95","107 Rocky Fabien Avenue","Colorado","Colorado","492-720-8195"
"96","66 Clarendon Boulevard","Philadelphia","Wyoming","656468-5464"
"97","45 First Boulevard","Chicago","California","639-480-4690"
"98","870 Old Freeway","New Orleans","Missouri","8078057080"
"99","27 White First Road","Las Vegas","Pennsylvania","355-5197547"
"100","525 East Hague Blvd.","Fort Worth","Kentucky","7785686736"
"101","71 Oak Way","Las Vegas","Connecticut","300-904-7001"
"102","91 South White First St.","Pittsburgh","California","3580206696"
"103","405 Milton Avenue","New York","Texas","7736537235"
"104","750 North Cowley Way","Riverside","Connecticut","567098-0926"
"105","42 Old Road","Newark","Virginia","208-9747293"
"106","510 Rocky Old Blvd.","Tulsa","South Dakota","784-094-7934"
"107","388 Rocky Cowley Freeway","Dallas","Arkansas","737649-7180"
"108","604 Green Clarendon St.","Fremont","Idaho","804-1493674"
"109","434 North New Parkway","Los Angeles","New Jersey","940442-3936"
"110","55 First Street","Fresno","South Dakota","803-751-2305"
"111","18 North Green New Boulevard","Newark","Florida","064-312-3700"
"112","36 New Avenue","Albuquerque","Minnesota","213-223-4285"
"113","404 North First Street","Aurora","Illinois","147658-7891"
"114","59 West Second Boulevard","Colorado","Minnesota","941-095-7305"
"115","61 West Second Freeway","Wichita","Alabama","0268937235"
"116","80 Fabien Road","Grand Rapids","Wyoming","3219161853"
"117","54 White Nobel Road","Garland","Hawaii","343420-0028"
"118","49 New Avenue","Dayton","Wisconsin","8695158685"
"119","74 North Second Street","Stockton","Maine","0403951106"
"120","75 New St.","Tacoma","Alaska","898587-1875"
"121","382 Milton Road","Raleigh","Ohio","835-5068127"
"122","123 White Hague Avenue","Phoenix","Indiana","3099811678"
"123","42 White Clarendon Freeway","Boston","Alaska","4297698399"
"124","50 Old Boulevard","Cincinnati","Nevada","360-091-0268"
"125","132 East Green Hague Parkway","Cleveland","Wisconsin","8375147122"
"126","302 First Street","Fremont","Iowa","682-463-4178"
"127","192 Oak Avenue","Corpus Christi","Tennessee","5905502242"
"128","169 East Second Way","Tucson","Massachusetts","9782042931"
"129","611 Green Nobel St.","New York","Virginia","446-7030869"
"130","28 Milton St.","New Orleans","Washington","210720-4426"
"131","99 Rocky Second Parkway","Toledo","Iowa","5288508417"
"132","43 Green First Drive","Washington","New Mexico","344-096-1315"
"133","34 White Cowley St.","Portland","Illinois","276-898-7137"
"134","539 White Fabien Parkway","Indianapolis","Vermont","313-0025566"
"135","881 Rocky Milton Street","San Francisco","Texas","445076-4520"
"136","20 North Old Street","Arlington","New York","969-908-2502"
"137","10 First Avenue","Yonkers","Texas","231267-5509"
"138","870 Old Parkway","Spokane","Alabama","572-9643555"
"139","419 White Cowley Blvd.","Tucson","Delaware","574-136-3881"
"140","142 Cowley Parkway","Fort Wayne","Kansas","4094366819"
"141","570 Rocky New St.","Detroit","Wyoming","7028051173"
"142","146 Rocky Nobel Avenue","New York","Indiana","172255-1056"
"143","35 New Avenue","Louisville","Hawaii","216-2533510"
"144","145 Hague Boulevard","Arlington","California","3638631525"
"145","21 Second Drive","Omaha","West Virginia","759-043-5456"
"146","612 Green Fabien Blvd.","Cleveland","California","7455756893"
"147","179 Nobel Street","Toledo","Minnesota","737-867-8232"
"148","162 New Boulevard","New Orleans","Virginia","4077959997"
"149","67 Nobel Drive","Birmingham","Mississippi","149161-1613"
"150","49 Fabien St.","Aurora","Colorado","343510-7886"
"151","92 New Parkway","San Francisco","Rhode Island","960-425-7969"
"152","63 West Clarendon Blvd.","San Francisco","Colorado","081-5610373"
"153","317 Clarendon Street","Toledo","Connecticut","385466-0909"
"154","430 Green Milton Avenue","Anchorage","Oregon","651-866-3549"
"155","957 White Second Street","Mesa","North Carolina","0418304297"
"156","899 Clarendon Parkway","Tampa","Utah","651-425-6146"
"157","488 Green Fabien Parkway","Boston","Arizona","816-671-2416"
"158","67 Green Milton Boulevard","Colorado","Iowa","678832-7914"
"159","56 North Milton Blvd.","Miami","Florida","794-259-8386"
"160","20 Oak Avenue","Louisville","New Mexico","018-926-5843"
"161","76 Clarendon Street","Mobile","Wyoming","666-3080740"
"162","91 First Street","Stockton","North Carolina","4566094314"
"163","93 Hague Drive","Bakersfield","Kentucky","3062749295"
"164","45 East Second Freeway","Shreveport","North Dakota","1859286604"
"165","10 West Hague Blvd.","Fort Wayne","Nebraska","0830157184"
"166","29 Rocky Clarendon Freeway","Albuquerque","New Hampshire","314572-1199"
"167","501 Hague Drive","Dallas","Hawaii","569-091-9366"
"168","991 Rocky Fabien St.","Louisville","Louisiana","8345213635"
"169","524 Green Oak Freeway","Pittsburgh","New Jersey","825-014-4901"
"170","628 Clarendon Freeway","Wichita","Maryland","206-879-3446"
"171","50 Rocky Milton Way","Fort Wayne","Delaware","456-7716813"
"172","641 White Cowley Freeway","Bakersfield","Georgia","510299-0225"
"173","60 Nobel St.","Tampa","Tennessee","578-837-4977"
"174","74 Hague Parkway","Raleigh","Arkansas","965-147-5541"
"175","43 South Rocky Clarendon Parkway","Lubbock","Alaska","556906-1486"
"176","46 White Cowley Blvd.","Stockton","Massachusetts","222-461-1088"
"177","68 Green Clarendon Freeway","Toledo","Arkansas","285-9319927"
"178","86 Oak Avenue","Louisville","West Virginia","751231-8353"
"179","56 Fabien Street","Fremont","New Mexico","928385-9155"
"180","927 Green Hague Avenue","New York","Vermont","4336899758"
"181","98 White Hague Parkway","Omaha","Texas","5877158906"
"182","905 New Avenue","Pittsburgh","Virginia","1754960224"
"183","581 Milton Way","Baton Rouge","West Virginia","536-1372869"
"184","34 First Drive","Oklahoma","South Dakota","673-2176185"
"185","154 Milton Street","San Jose","Delaware","4805388092"
"186","11 Nobel Avenue","Charlotte","Georgia","526-291-4689"
"187","359 Clarendon Boulevard","Riverside","Missouri","9513803939"
"188","33 Milton Road","Anaheim","Montana","114-3445767"
"189","69 Rocky Milton Road","Anaheim","Illinois","848382-7293"
"190","20 Oak Way","Louisville","Wyoming","251-217-5021"
"191","120 White Oak Road","Mobile","New Hampshire","6128053926"
"192","66 Fabien Way","Oklahoma","Nevada","040064-7661"
"193","701 Milton St.","Fresno","Texas","261691-1032"
"194","568 Green Second St.","Raleigh","Nebraska","380-0959722"
"195","23 Green Milton Drive","Boston","Kansas","143-6860392"
"196","681 First Blvd.","Long Beach","Kentucky","021953-2132"
"197","333 White Cowley Freeway","Philadelphia","West Virginia","8797634219"
"198","505 Oak Boulevard","Lincoln","Nebraska","7037556083"
"199","326 North Old Way","Las Vegas","New Hampshire","543-341-3969"
"200","83 Second Freeway","San Jose","Maryland","6441783192"
"201","49 West Second Drive","Jacksonville","Utah","779-0802831"
"202","90 Rocky Hague Blvd.","Garland","California","896-250-7660"
"203","444 South Nobel Avenue","Yonkers","Kentucky","149-6958396"
"204","994 North Fabien Avenue","Phoenix","Arkansas","246457-1767"
"205","304 Cowley Road","Stockton","West Virginia","320-8988384"
"206","85 Nobel Avenue","Milwaukee","New Hampshire","8642085740"
"207","564 Old Avenue","St. Paul","Indiana","828-635-2502"
"208","65 East New Way","Stockton","Arizona","0625393326"
"209","41 White Clarendon St.","Madison","Ohio","058-556-5198"
"210","82 Clarendon Freeway","Mobile","Illinois","695-848-5310"
"211","37 Old Boulevard","San Diego","South Dakota","3186785022"
"212","916 First Boulevard","Arlington","Colorado","431378-5632"
"213","75 Fabien Road","St. Paul","Ohio","2364209185"
"214","68 White Old Drive","Cincinnati","Indiana","825-112-6271"
"215","712 Rocky Old Way","San Jose","Pennsylvania","935143-1317"
"216","32 West Rocky Nobel Parkway","Albuquerque","Arkansas","2833191111"
"217","18 First St.","Los Angeles","Oklahoma","158651-3828"
"218","10 Fabien Way","Rochester","Montana","894788-8379"
"219","98 North White Second Street","Rochester","Nebraska","021-5446720"
"220","421 Hague Parkway","Norfolk","Kentucky","480-1632759"
"221","75 Green Old Blvd.","Riverside","California","281072-3587"
"222","74 South Fabien Street","Fresno","Ohio","9670223943"
"223","307 White Oak Avenue","Arlington","Colorado","885-756-7666"
"224","21 Cowley Boulevard","Lincoln","New Mexico","5856989523"
"225","69 Oak St.","Aurora","South Dakota","128-5033963"
"226","842 North Green Fabien Street","Riverside","New Mexico","366-5379092"
"227","192 New St.","Toledo","Kentucky","2324734455"
"228","793 Old Freeway","Lincoln","Iowa","7253907508"
"229","33 Second Road","Colorado","Rhode Island","401-061-6281"
"230","683 Clarendon St.","Colorado","Oklahoma","171-651-3366"
"231","221 Rocky Oak Drive","Riverside","Minnesota","9653240045"
"232","88 East Green Hague Way","Jersey","Nebraska","008-936-9876"
"233","81 Cowley St.","Tacoma","Maine","705961-8342"
"234","31 Rocky First Boulevard","Montgomery","Hawaii","506-2425033"
"235","68 North Milton Street","Hialeah","Alabama","558-059-3845"
"236","443 Nobel Blvd.","Louisville","Pennsylvania","684924-3779"
"237","223 White Fabien Avenue","Newark","New Jersey","8372530049"
"238","37 Old Parkway","Las Vegas","Vermont","4076672067"
"239","10 White Nobel Street","Tampa","Utah","380-006-0460"
"240","139 Oak Way","Spokane","New Hampshire","885-209-2510"
"241","193 Rocky Nobel Way","Jackson","Virginia","2962003441"
"242","67 White Oak Way","Tacoma","Michigan","2974542892"
"243","129 West Rocky Fabien Boulevard","Jackson","South Dakota","495-1818791"
"244","891 West Green Milton Freeway","Lincoln","Alabama","857-381-6476"
"245","597 Cowley Blvd.","Mesa","Florida","308-4833774"
"246","20 West White Clarendon Parkway","Milwaukee","Mississippi","662-716-6734"
"247","972 Green Clarendon Street","Akron","Texas","715-7940106"
"248","783 Fabien Boulevard","Los Angeles","New Hampshire","506-0141447"
"249","970 Cowley Avenue","Las Vegas","Rhode Island","649127-7151"
"250","26 Green Oak Blvd.","Madison","Idaho","510501-5788"
"251","611 Old St.","Kansas","New York","3476203229"
"252","57 First Road","Albuquerque","Minnesota","8520376251"
"253","202 East Nobel Freeway","Jacksonville","Alabama","439-3463023"
"254","999 North Green First Blvd.","New York","Idaho","371-941-0616"
"255","14 White Milton Drive","Sacramento","Kansas","369-038-4954"
"256","794 White New Road","Rochester","Florida","004802-0166"
"257","78 New Boulevard","Garland","Wyoming","630617-9903"
"258","35 Hague Street","Chicago","Oregon","097-9233462"
"259","980 Fabien Way","Atlanta","Illinois","871-086-8200"
"260","132 White Nobel Blvd.","Philadelphia","Louisiana","9091354039"
"261","544 Green Oak Parkway","Jersey","Illinois","255276-2225"
"262","911 Clarendon Road","Richmond","Wisconsin","623358-4134"
"263","55 South White Cowley Road","Washington","Iowa","046374-1374"
"264","23 Rocky Hague St.","Austin","Wisconsin","800167-7757"
"265","555 East Green Oak Drive","San Antonio","South Carolina","142-763-9729"
"266","78 Green Clarendon Road","Albuquerque","Indiana","973-305-3766"
"267","966 Clarendon St.","Jersey","Oregon","627714-2782"
"268","77 North Green Fabien Boulevard","Aurora","Missouri","347-0340896"
"269","386 Milton Boulevard","Birmingham","Indiana","096606-8239"
"270","867 Green New Freeway","Wichita","Wyoming","622994-3794"
"271","57 Green Cowley Boulevard","Lincoln","Missouri","917-201-3742"
"272","55 New St.","Virginia Beach","South Dakota","794-750-0521"
"273","13 Cowley Avenue","Baltimore","North Carolina","9027515103"
"274","49 Oak Blvd.","Stockton","West Virginia","2523373132"
"275","70 West Fabien Road","Yonkers","Michigan","789247-1867"
"276","33 Nobel Boulevard","Raleigh","North Carolina","556432-5328"
"277","295 North Clarendon Drive","Anchorage","Utah","5297138802"
"278","10 West White Fabien Boulevard","Washington","California","569-7483563"
"279","942 Second Blvd.","Fort Worth","Michigan","918-988-3209"
"280","14 Nobel Blvd.","Tampa","Louisiana","6298321441"
"281","18 White Nobel Avenue","Fremont","Pennsylvania","259697-6888"
"282","47 Milton Boulevard","Fresno","Pennsylvania","5380595823"
"283","68 Rocky Oak St.","Milwaukee","Montana","547825-6580"
"284","640 Oak Way","Baton Rouge","Nebraska","054856-6633"
"285","47 White Milton Drive","New Orleans","California","774-2112865"
"286","66 Nobel Road","Kansas","Alabama","5780450754"
"287","55 Green First Freeway","Santa Ana","Nebraska","192-9059466"
"288","856 Second Avenue","Tacoma","Connecticut","080977-3161"
"289","540 Nobel Road","Honolulu","Vermont","466-256-4106"
"290","28 White Hague Avenue","Memphis","Tennessee","688-1664209"
"291","671 Oak St.","Jersey","Rhode Island","7343714285"
"292","885 Fabien Parkway","Colorado","Utah","871521-8091"
"293","521 Cowley Freeway","Fort Worth","North Carolina","957-172-8614"
"294","945 White First Avenue","Buffalo","Nebraska","970611-4237"
"295","51 Hague Road","Nashville","Kentucky","380-9461480"
"296","612 West Milton Drive","Los Angeles","West Virginia","817-0948336"
"297","913 Fabien Blvd.","Raleigh","Delaware","835068-4013"
"298","90 South Cowley Drive","Buffalo","Texas","2202403444"
"299","660 Green New Street","Akron","Idaho","510792-1346"
"300","12 Hague Parkway","Columbus","Vermont","980-6374370"
"301","577 West Second Boulevard","Toledo","Oregon","613-303-3959"
"302","942 Milton Way","Arlington","Maine","903-5341409"
"303","906 New Blvd.","Sacramento","Kansas","411-993-9483"
"304","61 South Green New St.","Baltimore","Rhode Island","777-396-2756"
"305","275 White New Road","Los Angeles","Oregon","803-2720799"
"306","31 First Boulevard","Tacoma","South Dakota","150375-5476"
"307","932 First Road","Denver","South Dakota","247-905-9579"
"308","96 East White Nobel Parkway","Sacramento","Arizona","6976691438"
"309","271 South Second St.","Columbus","South Dakota","705-6050985"
"310","286 West Old Avenue","Rochester","North Dakota","895-579-5586"
"311","24 East Fabien Boulevard","Fremont","Kansas","4779976410"
"312","96 South Milton Drive","Aurora","Vermont","773-291-9138"
"313","158 North Green Oak Road","Raleigh","Iowa","118-223-8199"
"314","33 North Second Parkway","Lincoln","Virginia","1687185564"
"315","13 East White New Freeway","Detroit","New Jersey","8685574411"
"316","49 North Fabien Parkway","Seattle","Missouri","002326-9204"
"317","52 Rocky New Freeway","Louisville","Minnesota","6682396815"
"318","338 East Nobel Avenue","Miami","Pennsylvania","3075375949"
"319","654 Second St.","Houston","Vermont","253852-7052"
"320","46 White Second Blvd.","Jackson","South Carolina","511-9503838"
"321","919 Green Cowley Drive","Hialeah","Pennsylvania","280042-7762"
"322","66 First St.","Baton Rouge","New Mexico","584-489-7476"
"323","21 East Rocky Oak Blvd.","Austin","New Jersey","9248990903"
"324","48 East Green Clarendon Freeway","Tulsa","Michigan","298-541-3873"
"325","43 Rocky First Freeway","Yonkers","Idaho","6655395869"
"326","971 First Boulevard","Austin","New York","476-7535005"
"327","497 North Old Drive","San Antonio","Florida","915-332-9901"
"328","19 East Oak Blvd.","Birmingham","Connecticut","672-524-0363"
"329","71 North White Oak Road","Omaha","New York","423335-0539"
"330","756 West Rocky Oak Blvd.","Madison","Missouri","7418896721"
"331","445 Green New St.","Arlington","Montana","0786533290"
"332","62 Milton Drive","Boston","Alaska","084-520-6232"
"333","49 Nobel Way","Fresno","Utah","613366-2028"
"334","83 White New Drive","Indianapolis","Nebraska","589728-7659"
"335","524 East Fabien Freeway","San Diego","New Mexico","311-282-3239"
"336","28 Oak Boulevard","Fort Wayne","Maryland","4927384236"
"337","67 Cowley Freeway","Detroit","Minnesota","6160907683"
"338","56 Rocky Clarendon Street","San Diego","Oregon","589-8460233"
"339","14 Fabien Blvd.","Aurora","South Carolina","0461545865"
"340","203 New Boulevard","Portland","Indiana","144523-2584"
"341","867 New Way","Philadelphia","Hawaii","7572990411"
"342","307 Clarendon St.","Baltimore","Missouri","081-576-7166"
"343","34 East Rocky Nobel Way","Jackson","Kentucky","660917-1557"
"344","31 Cowley Road","Jackson","Idaho","111335-9965"
"345","28 Fabien Freeway","Seattle","Nebraska","0323428081"
"346","673 Milton Road","Little Rock","Utah","929607-2183"
"347","403 East Green Fabien St.","Des Moines","New Hampshire","042836-6827"
"348","74 Cowley Way","Miami","Pennsylvania","253-698-0590"
"349","218 White Old St.","Honolulu","Washington","2594806659"
"350","15 Nobel Drive","Houston","Texas","8797770679"
"351","949 Hague St.","Tulsa","Missouri","236-1844458"
"352","53 White Fabien Blvd.","Oklahoma","Maryland","048260-4821"
"353","68 Rocky Hague Way","Miami","West Virginia","701291-9328"
"354","704 White Old Parkway","Columbus","Michigan","2295886220"
"355","449 Rocky Second Blvd.","Kansas","Delaware","2623381346"
"356","72 Second Boulevard","Richmond","Connecticut","832-2939216"
"357","661 Clarendon Way","Aurora","South Carolina","071-3069492"
"358","75 Green New Avenue","Fremont","Vermont","241-2083261"
"359","909 North Second St.","Fort Worth","Nevada","0113228755"
"360","558 Second Avenue","Raleigh","Colorado","891-4019822"
"361","225 Nobel Boulevard","Yonkers","North Carolina","135-7230263"
"362","864 Clarendon Avenue","St. Petersburg","North Dakota","4434039065"
"363","239 Second Avenue","Columbus","Michigan","5094225552"
"364","24 New Road","Tucson","Kentucky","247-454-0064"
"365","637 Hague Parkway","Jersey","Delaware","6570262153"
"366","39 East Rocky Hague Way","Shreveport","Indiana","850533-0577"
"367","88 Milton St.","New Orleans","Alaska","458-0850795"
"368","588 Rocky Oak Way","Norfolk","Pennsylvania","3915993278"
"369","492 Green Hague Blvd.","Richmond","Iowa","449-7350925"
"370","34 Milton Boulevard","Phoenix","Hawaii","747041-4697"
"371","801 Old Street","Jacksonville","Arizona","706-585-9451"
"372","248 First Street","Mesa","Oklahoma","574-950-0353"
"373","926 Green Fabien Road","Raleigh","Wisconsin","037-9288851"
"374","15 Rocky Clarendon St.","Stockton","New Mexico","680-626-2069"
"375","454 Fabien Freeway","Stockton","New Hampshire","121-663-3853"
"376","45 Second Street","Baton Rouge","Indiana","199-1358747"
"377","94 Green First Freeway","Little Rock","Indiana","969-6639576"
"378","33 Fabien Way","Toledo","Louisiana","762213-8729"
"379","73 White Nobel St.","Cleveland","Virginia","9256934630"
"380","30 Cowley Boulevard","Greensboro","Louisiana","658147-8277"
"381","274 North Clarendon Road","Miami","Arizona","933699-7377"
"382","79 Oak Drive","Las Vegas","Michigan","672-284-5404"
"383","790 Fabien Way","Milwaukee","Georgia","4251246674"
"384","548 Nobel Blvd.","Cincinnati","Rhode Island","7600940983"
"385","38 West Cowley Road","Oakland","Wyoming","184-5714340"
"386","632 New Parkway","Anchorage","Connecticut","6108444769"
"387","49 Second Drive","Baton Rouge","California","130-812-0439"
"388","92 Milton Freeway","Tampa","Michigan","6549927458"
"389","906 North Rocky Old Drive","Lincoln","Maryland","702032-5954"
"390","215 Hague Avenue","Oklahoma","Mississippi","4049281143"
"391","62 Green Milton Way","Denver","New Mexico","363926-3244"
"392","23 Cowley St.","Phoenix","Nevada","0377074226"
"393","900 Rocky Hague Blvd.","Shreveport","Georgia","989856-1397"
"394","83 Second St.","Fremont","North Dakota","6837463853"
"395","307 Rocky Second Drive","Cincinnati","New York","790-5265779"
"396","169 Rocky First Drive","Oakland","Nebraska","300-6875102"
"397","91 West Green Nobel Avenue","Boston","Arizona","002-1394179"
"398","386 Oak Road","Honolulu","Wyoming","077372-9234"
"399","16 East Cowley Street","San Antonio","California","414-4469151"
"400","88 South Second Avenue","Tulsa","Illinois","407-7342787"
"401","53 Clarendon Road","Aurora","Texas","904277-5095"
"402","922 Milton Drive","Memphis","Tennessee","1219400748"
"403","707 West Hague Way","Anchorage","Minnesota","758965-7232"
"404","297 Green Cowley Drive","Charlotte","Oregon","6390594951"
"405","59 Fabien Way","Dayton","South Dakota","529-924-4666"
"406","850 Old Boulevard","Dayton","Rhode Island","6087771692"
"407","821 New St.","Colorado","Massachusetts","014532-4944"
"408","423 Rocky Milton Way","Aurora","Kentucky","3824157418"
"409","96 New Parkway","Washington","Utah","2212272879"
"410","95 Green Fabien Boulevard","St. Paul","Vermont","732-3419650"
"411","941 Oak Boulevard","Lincoln","Texas","013-176-1131"
"412","28 Fabien Parkway","Cleveland","Michigan","535-4108066"
"413","776 White Clarendon Way","Raleigh","Wyoming","676146-9608"
"414","226 West Cowley Road","Oakland","Georgia","109-5029133"
"415","60 Nobel St.","Fort Worth","Arkansas","1094450638"
"416","14 North Clarendon Blvd.","Seattle","Idaho","711-805-5462"
"417","913 White Nobel Road","Toledo","Missouri","912-861-7537"
"418","264 West Hague Boulevard","Fresno","North Carolina","8747020592"
"419","12 Green Clarendon Way","Tacoma","Kentucky","972-948-0097"
"420","87 Hague Street","Fremont","Alaska","378708-9834"
"421","211 Hague Boulevard","Houston","Georgia","378-922-4995"
"422","731 Nobel Avenue","Riverside","New Jersey","704-274-8992"
"423","93 New Blvd.","Lincoln","Maine","003-318-0549"
"424","381 Fabien Freeway","Fresno","Tennessee","8128426257"
"425","62 Green Nobel Blvd.","Grand Rapids","New Jersey","0394585122"
"426","62 South Fabien Way","San Diego","Missouri","634-664-6750"
"427","987 Fabien Parkway","Richmond","Nebraska","0616642260"
"428","651 West Rocky Fabien Boulevard","Shreveport","Iowa","610-384-3982"
"429","62 Old Boulevard","Oklahoma","Wyoming","708-906-0891"
"430","499 Old Road","Charlotte","Arizona","3035732195"
"431","389 Green Old St.","Mesa","Hawaii","7822426452"
"432","45 Fabien Blvd.","Wichita","Iowa","593252-0714"
"433","864 East Green Milton Road","Oakland","Indiana","7012619889"
"434","30 Milton Drive","Des Moines","North Carolina","010-2702694"
"435","49 East White Oak Blvd.","Milwaukee","Montana","537-635-9739"
"436","47 Fabien Street","Oklahoma","Idaho","472868-9927"
"437","822 East Oak Avenue","Spokane","Wisconsin","666505-7592"
"438","283 Old Road","Lincoln","Minnesota","431-439-8573"
"439","206 East Green Old Avenue","Newark","Wisconsin","608-215-4222"
"440","95 Cowley Avenue","Buffalo","Idaho","275589-3745"
"441","173 Cowley Drive","Columbus","Oklahoma","031-6773860"
"442","547 Old Way","Los Angeles","Pennsylvania","2071917176"
"443","946 First Street","Virginia Beach","New Hampshire","579000-5083"
"444","842 Nobel Freeway","New Orleans","Montana","7282961239"
"445","645 North Fabien Blvd.","Omaha","New Mexico","590598-2068"
"446","63 South Hague Blvd.","Chicago","Florida","008520-5033"
"447","60 Oak Way","St. Louis","New Hampshire","8615928385"
"448","731 Rocky Second St.","Albuquerque","Wyoming","128-047-2956"
"449","284 South Second Avenue","Anchorage","New Mexico","554-590-1820"
"450","934 North White Milton St.","Nashville","Maryland","135-2214977"
"451","25 White Milton Freeway","Dayton","Arizona","646-288-2233"
"452","33 Green Oak Boulevard","Baton Rouge","Massachusetts","1179412451"
"453","17 White Old Boulevard","Buffalo","North Carolina","612-7182539"
"454","501 Cowley Road","Indianapolis","Arizona","098211-2285"
"455","893 Green Milton Boulevard","Oakland","Arkansas","737-109-0370"
"456","912 West Green Clarendon Freeway","Chicago","Illinois","401-358-4912"
"457","403 Clarendon Street","Atlanta","Mississippi","433-971-9960"
"458","14 Green Second Avenue","Cleveland","New Mexico","9412152435"
"459","31 Oak Freeway","Wichita","Connecticut","296-706-6898"
"460","388 White Old Freeway","Grand Rapids","Kansas","3980842766"
"461","738 First Street","San Francisco","Illinois","4460349771"
"462","893 South Second Avenue","Shreveport","Connecticut","3272674405"
"463","85 Green Second Freeway","Tulsa","Louisiana","9392229485"
"464","12 White Oak Drive","Yonkers","South Dakota","203098-8682"
"465","354 White Hague St.","Philadelphia","North Dakota","629679-1900"
"466","66 First Avenue","Oklahoma","New Hampshire","772-305-0455"
"467","14 Nobel Way","Yonkers","Florida","6397595027"
"468","58 Oak Parkway","Little Rock","Louisiana","098-038-6770"
"469","908 East Clarendon Way","Cleveland","Ohio","1247921878"
"470","771 Nobel Street","Fort Wayne","Texas","377051-2584"
"471","246 South Rocky Milton Drive","Austin","Illinois","088-2541798"
"472","760 Second Parkway","Jersey","Alaska","169897-6036"
"473","86 Fabien Boulevard","Glendale","North Dakota","2173027305"
"474","966 Rocky Second Road","Honolulu","Colorado","363553-0055"
"475","23 First Freeway","Lincoln","Kentucky","117994-1411"
"476","365 East Rocky Second Freeway","Chicago","Michigan","5920766839"
"477","785 Hague Parkway","Long Beach","Alabama","357552-4288"
"478","70 South Green Hague Freeway","Newark","Texas","141-1794504"
"479","942 North Clarendon Freeway","Fort Wayne","Hawaii","164-6769689"
"480","504 East Rocky Old Way","Des Moines","Michigan","7982625671"
"481","45 Cowley Boulevard","Aurora","Washington","048876-3724"
"482","148 Rocky Hague St.","Albuquerque","Nebraska","599572-5359"
"483","60 South White New Street","Dallas","Ohio","094-579-0256"
"484","492 Fabien Parkway","Philadelphia","New Jersey","5386693256"
"485","11 White New Way","Cincinnati","Alabama","427-3217954"
"486","985 West Nobel Boulevard","Lincoln","South Dakota","226-156-3088"
"487","628 Rocky Fabien St.","Los Angeles","New York","223-851-2203"
"488","721 North White Clarendon Drive","Denver","Hawaii","604-0608540"
"489","49 Fabien Avenue","Pittsburgh","New Hampshire","342-5617010"
"490","141 North Cowley Parkway","Jacksonville","Illinois","842-3676144"
"491","433 Cowley Road","Columbus","Pennsylvania","201707-0884"
"492","29 East Milton Parkway","Anchorage","Maine","940-320-6740"
"493","165 South White New Way","Oklahoma","Kentucky","427-6968710"
"494","15 Rocky Fabien Street","Baton Rouge","North Carolina","472200-9980"
"495","136 Old Blvd.","Atlanta","Wyoming","0667140826"
"496","72 Milton Boulevard","Albuquerque","New Hampshire","5009484126"
"497","169 Old Avenue","St. Paul","Massachusetts","715-215-3339"
"498","43 Green Old Blvd.","Santa Ana","Rhode Island","473-981-5783"
"499","329 Old Way","Washington","Tennessee","5979284598"
"500","277 Rocky Second Freeway","Washington","Arizona","619689-8948"
"501","104 South White Second Drive","Washington","Alabama","432457-1943"
"502","72 White Hague Parkway","Oakland","Idaho","393-3827929"
"503","70 Hague Drive","Columbus","Kansas","9801230383"
"504","226 White Fabien Drive","Akron","Pennsylvania","7458616076"
"505","40 Fabien Blvd.","Fremont","Delaware","437-3861570"
"506","57 Oak Parkway","El Paso","Alabama","0093453610"
"507","60 White First Freeway","Lincoln","Oregon","056-758-8759"
"508","73 White Milton Blvd.","San Diego","Nevada","3816089798"
"509","362 Old Boulevard","Long Beach","Oklahoma","776-697-4297"
"510","95 Cowley Way","Atlanta","New York","585451-0618"
"511","17 Cowley Street","Akron","Illinois","969-013-4197"
"512","90 Green Clarendon Drive","Des Moines","New Mexico","411-111-1530"
"513","122 North White Fabien Parkway","New Orleans","Maryland","978-728-4414"
"514","506 Green Fabien Street","Akron","Oklahoma","253859-7585"
"515","867 Green Old Drive","San Jose","Maryland","5736371399"
"516","326 Rocky Old Drive","Raleigh","Oklahoma","606625-4744"
"517","31 Rocky Fabien Boulevard","Anchorage","Minnesota","242613-9783"
"518","493 Green Milton Boulevard","Oakland","Pennsylvania","560-782-2200"
"519","17 North Milton Blvd.","Albuquerque","South Dakota","883-710-5658"
"520","405 Fabien Road","New Orleans","Utah","832772-4292"
"521","316 Hague Boulevard","Fort Worth","West Virginia","413-038-4697"
"522","87 Milton Drive","St. Paul","West Virginia","1338021512"
"523","374 First Avenue","Colorado","Rhode Island","4173245518"
"524","977 New St.","Phoenix","Michigan","184080-3859"
"525","121 West Oak Road","San Diego","California","525-2828946"
"526","38 Rocky Fabien St.","St. Paul","Vermont","383-2045030"
"527","240 Oak Street","Albuquerque","Oklahoma","474-200-3573"
"528","57 South Fabien Boulevard","Memphis","Alaska","144-5544783"
"529","485 Oak Drive","Dallas","Colorado","151-1433885"
"530","689 West White Nobel Parkway","Minneapolis","Rhode Island","7301629245"
"531","98 West Rocky First Boulevard","Cincinnati","Alaska","5168457061"
"532","97 North Second Avenue","Mobile","Illinois","669-0695230"
"533","243 Green Milton Boulevard","Albuquerque","Alaska","898-111-3743"
"534","37 Hague Avenue","Des Moines","Florida","0003318289"
"535","514 South Second Avenue","Arlington","Michigan","5057215474"
"536","95 Green New Blvd.","Tucson","Ohio","2255145711"
"537","532 Green Cowley Drive","Cleveland","Idaho","922-2258850"
"538","70 East New Road","Atlanta","Washington","867-569-3694"
"539","67 White Clarendon Way","Detroit","Minnesota","900223-0698"
"540","517 North Rocky Old Road","New Orleans","Wyoming","663900-3281"
"541","183 West Second Parkway","Arlington","Arkansas","620-876-6368"
"542","62 White Second Freeway","Little Rock","Arkansas","8616239907"
"543","79 Fabien St.","Tacoma","Montana","931-7658019"
"544","455 White Clarendon Boulevard","Philadelphia","Washington","5416133820"
"545","12 New Way","Tulsa","Alabama","878215-2135"
"546","26 West White Fabien Avenue","Indianapolis","Delaware","5045817047"
"547","33 East New Boulevard","Miami","Wisconsin","944123-4896"
"548","48 Second Parkway","St. Paul","New Mexico","577232-0629"
"549","16 South Clarendon St.","Norfolk","Indiana","267867-2733"
"550","73 Clarendon Drive","Arlington","Iowa","6840355110"
"551","95 White Nobel St.","Riverside","Connecticut","503-711-9933"
"552","97 Nobel Parkway","Memphis","North Dakota","508-2168188"
"553","41 West Rocky First Street","Jacksonville","West Virginia","647-2315625"
"554","93 Nobel Freeway","Little Rock","West Virginia","092-431-4361"
"555","18 Green Fabien Road","Glendale","California","522-421-1894"
"556","396 White Fabien Blvd.","Birmingham","Arizona","590-995-3353"
"557","96 Oak Street","Yonkers","Minnesota","860-347-7889"
"558","93 West Nobel St.","Dallas","Utah","537533-6781"
"559","94 Old Blvd.","Corpus Christi","North Dakota","168585-0194"
"560","10 Green Fabien Street","Oakland","Indiana","105-0575387"
"561","65 Green Milton Road","Grand Rapids","Kansas","666-000-6737"
"562","36 Rocky Old Boulevard","Las Vegas","Oklahoma","338-616-5997"
"563","39 Nobel Way","Fort Wayne","Michigan","108-4571914"
"564","985 South Old Parkway","Dayton","West Virginia","220157-4931"
"565","86 West Green Second Boulevard","Garland","New Mexico","103-692-7609"
"566","680 New Boulevard","Glendale","Wyoming","692-284-5254"
"567","63 East Nobel Way","Sacramento","New Hampshire","5250672076"
"568","460 Clarendon Drive","Honolulu","Idaho","558560-3635"
"569","80 Hague Boulevard","San Antonio","Iowa","348-505-0247"
"570","283 Green Fabien Avenue","Shreveport","Ohio","218-045-8126"
"571","340 White Oak Boulevard","Santa Ana","Mississippi","322823-4076"
"572","94 Fabien Blvd.","Tucson","Montana","223181-8839"
"573","71 East Nobel Street","Long Beach","Iowa","389-7060767"
"574","80 White Fabien Freeway","Jacksonville","South Dakota","079-5824007"
"575","562 Clarendon Avenue","Nashville","South Dakota","0846132563"
"576","69 Green Clarendon Avenue","Long Beach","Utah","424-1885509"
"577","98 North Clarendon St.","Norfolk","Minnesota","699-1209433"
"578","49 Green Cowley Street","Buffalo","Texas","919-1671965"
"579","491 South New Boulevard","Corpus Christi","Michigan","103-3631261"
"580","162 Nobel Freeway","Spokane","Washington","6453689212"
"581","18 Green New Boulevard","Baltimore","Washington","164-8132816"
"582","23 White Fabien Freeway","Des Moines","California","906748-5237"
"583","951 Second Road","Colorado","Pennsylvania","050-573-5163"
"584","81 East Oak Parkway","Cincinnati","Tennessee","542-9647702"
"585","63 Rocky Second Road","Stockton","North Carolina","575-777-1754"
"586","695 North New Avenue","Fort Worth","Maine","574003-4037"
"587","24 Old Street","Corpus Christi","Kansas","7708537696"
"588","221 Green Oak Way","Minneapolis","Arkansas","2000345428"
"589","90 Cowley Freeway","Dayton","Arkansas","6404699364"
"590","984 Green Nobel Drive","New York","Maine","406-3044231"
"591","95 Nobel Road","Toledo","Illinois","3353635128"
"592","46 White Oak St.","Columbus","Maine","6695726931"
"593","172 White First Road","Aurora","Indiana","128688-7772"
"594","30 Old Street","Jersey","Georgia","276-723-5191"
"595","380 White Clarendon Way","Pittsburgh","North Dakota","322326-7796"
"596","53 Milton Boulevard","Charlotte","Maine","809839-9971"
"597","436 Milton Freeway","Fremont","New York","587-4510148"
"598","284 West New Road","San Diego","Nevada","0375110290"
"599","553 Rocky Nobel Drive","San Francisco","Kansas","454-8963924"
"600","24 Nobel Freeway","Wichita","Alabama","781-519-3703"
"601","856 White Old Street","Akron","New Jersey","1505640719"
"602","638 South Rocky Clarendon Road","Los Angeles","Pennsylvania","697-1172504"
"603","47 Second Parkway","Omaha","Kansas","193782-0449"
"604","195 Rocky New Blvd.","Hialeah","New Hampshire","890-407-0748"
"605","713 Milton Avenue","San Antonio","South Dakota","960134-7624"
"606","266 North First Boulevard","Atlanta","New Mexico","777-3590118"
"607","54 White Milton Freeway","Hialeah","Maine","0443444474"
"608","84 Nobel Drive","Arlington","Connecticut","772-3924646"
"609","48 Rocky Clarendon Way","Akron","Delaware","9263253289"
"610","97 Rocky New Boulevard","Louisville","Idaho","875-3910283"
"611","47 Rocky Second Way","Fort Wayne","New Jersey","698-2824262"
"612","137 Second Boulevard","Tucson","New Mexico","0136109171"
"613","922 White Clarendon Drive","Minneapolis","Michigan","041-3489565"
"614","72 Cowley Street","Aurora","Oregon","038-9805883"
"615","887 Second Way","Fort Worth","Kentucky","100-005-6261"
"616","36 Second Freeway","Chicago","Hawaii","1456272342"
"617","61 North First St.","Phoenix","West Virginia","454-9449867"
"618","23 Green Old Street","Santa Ana","New Mexico","629-0398325"
"619","66 White Cowley Blvd.","Columbus","Kansas","7620836078"
"620","671 White Milton Freeway","Norfolk","Illinois","869-0311567"
"621","793 East Clarendon Street","Austin","Ohio","528-2597835"
"622","57 Old Street","Fort Wayne","Missouri","061-2303462"
"623","66 Nobel Street","Tampa","Delaware","415-4142614"
"624","82 Green Second Freeway","Phoenix","Virginia","1064451236"
"625","822 Clarendon Parkway","Fort Worth","Minnesota","896-632-8158"
"626","77 Nobel Drive","Atlanta","Colorado","525-3899566"
"627","597 Rocky First Blvd.","Arlington","Illinois","288209-7810"
"628","32 White Milton Parkway","Corpus Christi","Colorado","287-960-9077"
"629","455 Second Avenue","Stockton","Connecticut","065938-5226"
"630","12 North New Road","Dayton","Michigan","568-1835851"
"631","750 Second St.","Charlotte","Idaho","232-1259949"
"632","922 North Milton Blvd.","St. Paul","Virginia","6342121265"
"633","563 Milton Road","Virginia Beach","Nebraska","177101-2019"
"634","20 South Milton Avenue","Indianapolis","Massachusetts","143149-0040"
"635","51 Green Cowley Way","El Paso","Louisiana","8501265231"
"636","26 Rocky Oak St.","San Antonio","Georgia","193799-7864"
"637","330 Green Second Drive","Long Beach","Rhode Island","1616028755"
"638","446 New Street","Anchorage","Georgia","908-067-9672"
"639","27 Fabien St.","Atlanta","Alaska","361916-1787"
"640","594 Second Freeway","Virginia Beach","Arizona","943-702-4900"
"641","469 White Hague Street","Minneapolis","Wyoming","039-2678333"
"642","99 Rocky First Road","Corpus Christi","Florida","3895233377"
"643","114 Second Road","Aurora","Washington","906878-3675"
"644","419 West Green Clarendon Blvd.","Portland","Texas","369-691-8931"
"645","30 Green Oak Blvd.","Chicago","South Carolina","889-775-6071"
"646","19 Milton Way","Columbus","North Carolina","847642-9936"
"647","49 Rocky Hague Street","Baton Rouge","Washington","8364755153"
"648","150 West Old Parkway","Arlington","Nebraska","5204264573"
"649","302 Clarendon Road","Oakland","Texas","849-238-1996"
"650","94 South Rocky First Boulevard","Albuquerque","Mississippi","589-793-5602"
"651","833 White Milton Freeway","Denver","Massachusetts","9910131480"
"652","74 South Rocky New Parkway","Honolulu","Alaska","420555-9166"
"653","844 Cowley Drive","Garland","Illinois","535181-3505"
"654","95 Green Nobel Parkway","Buffalo","Arkansas","203-265-3407"
"655","977 South Clarendon Road","Nashville","Kentucky","947-881-6155"
"656","144 Fabien St.","Aurora","California","059876-9737"
"657","365 South Green Old Boulevard","Miami","New Jersey","683-888-4839"
"658","93 Fabien Freeway","Oakland","Massachusetts","019-7402836"
"659","954 North Clarendon Parkway","Newark","Connecticut","054-8741756"
"660","910 North Rocky First Street","Baton Rouge","Ohio","0367881747"
"661","983 First Avenue","Raleigh","Louisiana","052-8402637"
"662","88 Milton Street","Seattle","Illinois","093-825-1654"
"663","59 Hague Avenue","Nashville","Wyoming","036652-5310"
"664","15 West Rocky Oak Street","Lincoln","Oklahoma","151-230-7008"
"665","18 Green New Freeway","Cleveland","Wyoming","295-9055799"
"666","67 West Green New Parkway","Pittsburgh","Ohio","4146436228"
"667","21 Nobel Parkway","Bakersfield","California","543-678-0921"
"668","12 Cowley Drive","Portland","Alabama","4415517692"
"669","77 White Hague Boulevard","Buffalo","Maine","6771366316"
"670","107 South Old St.","Washington","Delaware","621-216-0278"
"671","92 Milton Avenue","Akron","Michigan","085-2241843"
"672","753 Clarendon Drive","Oakland","Rhode Island","235-5455144"
"673","829 Fabien Boulevard","Milwaukee","New Hampshire","858-879-3843"
"674","85 West Green Second Boulevard","Jackson","Indiana","3636735393"
"675","75 Rocky Clarendon Drive","Seattle","Illinois","180-593-5344"
"676","57 Fabien Blvd.","Arlington","Nebraska","792-888-1281"
"677","85 Rocky Cowley Parkway","Austin","New Hampshire","476-581-4315"
"678","14 South Second Way","Nashville","Iowa","239-6173975"
"679","80 South Rocky New Drive","Detroit","Connecticut","3127739712"
"680","703 North New Road","Baltimore","South Dakota","5638242079"
"681","360 Nobel Boulevard","Las Vegas","Georgia","5062165924"
"682","88 South Nobel Freeway","Arlington","Oklahoma","805752-0725"
"683","657 Milton Way","Denver","Indiana","704-9114936"
"684","640 Nobel St.","Atlanta","North Dakota","899249-9756"
"685","68 South Rocky Hague Drive","Las Vegas","Alaska","5815407890"
"686","50 South Green Second Parkway","Glendale","Hawaii","725-076-2014"
"687","50 Rocky New Boulevard","Jersey","North Carolina","165586-4992"
"688","31 Second Freeway","Lubbock","Minnesota","459-722-8277"
"689","79 Cowley Street","Greensboro","California","4261398508"
"690","40 Rocky Old Drive","Toledo","Indiana","173610-8324"
"691","779 Green Old Street","Norfolk","New Jersey","308134-1614"
"692","413 Rocky Clarendon Boulevard","Columbus","Maine","114-097-3117"
"693","96 East Fabien St.","Indianapolis","Arkansas","705-7757226"
"694","32 White Milton Boulevard","Norfolk","Louisiana","006-7893252"
"695","90 North Second Avenue","Norfolk","Ohio","017017-3555"
"696","497 First Parkway","El Paso","Pennsylvania","861358-9150"
"697","41 White Old Freeway","Pittsburgh","Florida","413-555-9240"
"698","675 Green Cowley Drive","Glendale","Idaho","233-7164350"
"699","774 West Rocky Second Avenue","Dallas","Texas","856-1112095"
"700","826 Second Way","Arlington","California","0185823440"
"701","67 First Parkway","Boston","New Hampshire","205351-0141"
"702","704 West Milton Boulevard","Tulsa","Virginia","6212550300"
"703","375 Nobel Avenue","Toledo","Florida","671-253-4969"
"704","20 Rocky New St.","Seattle","Ohio","330-1396585"
"705","909 North Second Drive","Jersey","Alaska","951399-0804"
"706","123 Nobel St.","Montgomery","North Carolina","395-626-3744"
"707","492 Nobel Avenue","Austin","Minnesota","7689703374"
"708","556 Cowley Street","Indianapolis","Wyoming","2247947972"
"709","983 Green Old Street","Oklahoma","Tennessee","555-494-5983"
"710","892 White Clarendon Road","Norfolk","South Dakota","2511347208"
"711","170 Oak Road","Cincinnati","Nebraska","097786-3701"
"712","195 South Old Street","El Paso","Kansas","810-278-2086"
"713","605 Second Avenue","Tucson","Indiana","185-5104898"
"714","129 Cowley Avenue","Cincinnati","Kentucky","333-616-2169"
"715","80 East Cowley Street","San Antonio","Missouri","690529-6008"
"716","45 Cowley Avenue","Indianapolis","New York","380-8730119"
"717","909 New Way","Tacoma","Wyoming","4515811498"
"718","940 Fabien Road","Greensboro","Kentucky","508-402-9508"
"719","220 White Hague Boulevard","Memphis","Ohio","3091825601"
"720","70 North Green New Avenue","Long Beach","South Carolina","485028-3265"
"721","57 Rocky New Road","Baton Rouge","Alaska","973-0516797"
"722","19 Green Fabien Freeway","Phoenix","New York","790-0010177"
"723","562 West Nobel Freeway","Minneapolis","Washington","917739-9771"
"724","57 White Hague Parkway","New York","Colorado","3303158673"
"725","771 East Hague Avenue","Tampa","New Hampshire","973-499-4078"
"726","58 White Oak Road","Jackson","Arkansas","339707-7610"
"727","811 South Cowley Drive","Austin","Oklahoma","156137-3485"
"728","908 South Cowley Road","Mesa","Idaho","3475688086"
"729","52 South New Blvd.","Jacksonville","New Hampshire","8898300568"
"730","973 Rocky Cowley Way","Arlington","Missouri","222284-4776"
"731","828 Fabien Blvd.","El Paso","Louisiana","150-443-0418"
"732","21 West Green Old Way","Atlanta","Kentucky","0006829444"
"733","13 Green Second Freeway","Memphis","Michigan","054-4557806"
"734","152 East Nobel Street","Honolulu","Alaska","7754793231"
"735","730 Fabien Way","Columbus","Illinois","009-401-4541"
"736","162 Green Milton Freeway","Boston","Indiana","775285-2641"
"737","81 West Milton Blvd.","Indianapolis","Nevada","123-7967538"
"738","551 Oak Freeway","San Diego","New Hampshire","938575-2569"
"739","79 New Street","Riverside","North Carolina","8592118183"
"740","45 Clarendon Freeway","Shreveport","Maine","756974-4723"
"741","225 Milton Boulevard","Las Vegas","Pennsylvania","226-265-7128"
"742","92 Second Street","Colorado","North Dakota","3816990089"
"743","457 East Oak Road","Louisville","New York","588-5581063"
"744","64 Fabien Avenue","Nashville","Iowa","856656-3314"
"745","718 Fabien Way","Houston","Pennsylvania","1768297045"
"746","38 Green New Drive","Sacramento","Iowa","626441-9286"
"747","29 South Green Oak Blvd.","Anaheim","California","244-3306679"
"748","16 Oak Street","Jersey","Oregon","5110737528"
"749","777 First Street","Mesa","Texas","643-363-2209"
"750","902 Green Milton Road","Buffalo","Arkansas","8618195170"
"751","83 Rocky Old Way","Austin","Rhode Island","811235-9761"
"752","507 West Old Parkway","Wichita","Tennessee","763-0365466"
"753","27 Green Second Street","Baton Rouge","Nevada","283-1045172"
"754","429 Nobel Drive","Raleigh","Arkansas","1488824567"
"755","791 West Nobel Road","Greensboro","Arkansas","768-044-6255"
"756","88 Cowley Drive","Baltimore","Washington","963-0674559"
"757","445 North Clarendon Road","New York","Wyoming","546-923-6963"
"758","80 Clarendon Avenue","Omaha","Arizona","626-8131912"
"759","842 Fabien Road","Corpus Christi","Connecticut","495153-7239"
"760","793 North Second Parkway","Dayton","Wisconsin","193-1844086"
"761","589 Fabien Blvd.","Anaheim","West Virginia","901-740-1923"
"762","392 East Clarendon Parkway","Stockton","Idaho","5842565589"
"763","85 Rocky First St.","Fremont","Massachusetts","077-610-7803"
"764","92 Milton Street","Oklahoma","Kentucky","160-561-4336"
"765","764 West Nobel Drive","Pittsburgh","Minnesota","2503274732"
"766","705 Rocky Oak Boulevard","San Antonio","Georgia","343-9474647"
"767","425 New Way","Philadelphia","Utah","384273-9942"
"768","39 First Road","Greensboro","Idaho","838909-7726"
"769","502 Cowley Avenue","Santa Ana","California","770-624-5103"
"770","757 Green New Parkway","Dayton","Hawaii","995-178-2835"
"771","865 West Rocky Second Parkway","Arlington","Arkansas","4561825881"
"772","281 West Rocky Cowley Way","Dayton","Massachusetts","8067109979"
"773","35 Fabien Parkway","Boston","Ohio","798942-1781"
"774","28 First Drive","Sacramento","Kansas","297-227-3513"
"775","80 Old Avenue","Jersey","Alaska","213-602-3742"
"776","926 Green Milton Avenue","Memphis","Louisiana","039912-5178"
"777","419 Second St.","Buffalo","Wyoming","4380342755"
"778","38 East White New St.","Milwaukee","North Carolina","575062-0883"
"779","745 North Rocky Clarendon Drive","Bakersfield","Louisiana","434086-6809"
"780","57 South Rocky First Boulevard","Jacksonville","Iowa","256-867-7075"
"781","20 New Street","Washington","Wisconsin","141-930-6147"
"782","154 White Cowley Street","Anaheim","Wisconsin","253-4158528"
"783","709 White Cowley Parkway","New York","Maine","910179-9552"
"784","90 Fabien Street","Corpus Christi","Missouri","719-2749912"
"785","31 Cowley Parkway","Baton Rouge","Oregon","311-4044682"
"786","53 Rocky Second Avenue","Anchorage","Montana","963-669-1753"
"787","641 Clarendon Way","Norfolk","South Carolina","257830-6624"
"788","30 Cowley Drive","Minneapolis","Maine","682-261-7170"
"789","738 Oak Street","Tampa","Wisconsin","7509915525"
"790","78 South Milton Road","Lincoln","Kansas","935-2416367"
"791","982 Hague St.","Washington","Iowa","6500566760"
"792","51 South Clarendon Drive","Corpus Christi","Montana","635363-2337"
"793","20 Fabien St.","Pittsburgh","Minnesota","6230533665"
"794","502 Hague Boulevard","Mobile","Ohio","4702700281"
"795","708 West Second Avenue","Milwaukee","Massachusetts","629430-1970"
"796","31 East Clarendon Boulevard","Garland","Nebraska","697-4379270"
"797","65 First Avenue","St. Paul","Illinois","761-177-0765"
"798","836 Green New Way","Oklahoma","Kansas","2090483542"
"799","247 Fabien Boulevard","Hialeah","Tennessee","260482-9252"
"800","59 Cowley Way","Tacoma","Nevada","761827-2834"
"801","15 West New Boulevard","Atlanta","Massachusetts","634478-4764"
"802","753 Clarendon Parkway","Akron","Utah","7857389981"
"803","52 West Nobel Street","Jacksonville","North Carolina","6476870789"
"804","925 Green Nobel Blvd.","Las Vegas","New York","052-327-2452"
"805","862 West Green Cowley Blvd.","Buffalo","Alabama","486-9969187"
"806","137 Fabien Street","Virginia Beach","Louisiana","958365-3642"
"807","42 Fabien Road","Long Beach","Delaware","225-107-0960"
"808","70 New St.","Long Beach","Idaho","240-7558224"
"809","18 Clarendon Street","Dallas","Alaska","353666-8780"
"810","549 Old Parkway","Anchorage","Oklahoma","4958626670"
"811","36 East Rocky Fabien Road","Birmingham","Washington","983-557-6862"
"812","166 South Hague St.","Yonkers","Kentucky","965-8777280"
"813","507 South Nobel Boulevard","Wichita","Ohio","985045-9243"
"814","948 First St.","Buffalo","Tennessee","090013-1046"
"815","657 Second Road","Anchorage","Wyoming","366728-5115"
"816","16 North White Old Road","New York","Wyoming","523-712-8521"
"817","639 White Clarendon Freeway","Stockton","Texas","909267-7076"
"818","11 Hague Avenue","Tucson","Washington","8078731444"
"819","651 Oak Road","Newark","New Jersey","106-526-9520"
"820","85 Cowley Drive","Anchorage","Washington","745886-1604"
"821","159 First Parkway","Miami","Massachusetts","7126436460"
"822","60 Green Cowley Parkway","Norfolk","Missouri","353785-3454"
"823","477 North White Old Street","Long Beach","Indiana","821824-2091"
"824","979 Rocky Oak Road","Aurora","Rhode Island","315-631-9621"
"825","101 South Clarendon Boulevard","Anchorage","Virginia","299329-0025"
"826","815 East Green Clarendon St.","St. Louis","New Hampshire","793-1945011"
"827","838 Cowley Parkway","Omaha","Wisconsin","102301-1217"
"828","342 East Fabien Street","Pittsburgh","Alabama","6150302416"
"829","35 First St.","New Orleans","Vermont","2070767797"
"830","708 White Oak Way","Jackson","Montana","877-352-8920"
"831","811 North White Second Blvd.","Birmingham","California","984-1458401"
"832","24 First Road","Seattle","Ohio","233469-7748"
"833","738 South Fabien Drive","Long Beach","South Dakota","1458393107"
"834","334 Green Nobel Drive","Chicago","South Dakota","850-4532820"
"835","492 East Green Oak Way","Jackson","Utah","307-392-9381"
"836","88 Oak Freeway","Omaha","Colorado","251-263-5104"
"837","42 New Avenue","Honolulu","Kansas","909-347-9268"
"838","14 Old Blvd.","Atlanta","Pennsylvania","171-7786645"
"839","86 East Hague Blvd.","San Francisco","Missouri","1888368860"
"840","426 North Milton Road","Charlotte","Maryland","004796-2209"
"841","939 Fabien St.","Albuquerque","Maine","7920377066"
"842","44 North Milton Road","Kansas","Nevada","8076271241"
"843","72 North Green Hague Freeway","St. Louis","Kentucky","5379606299"
"844","786 North Green Fabien Way","Montgomery","Illinois","730-2434137"
"845","586 Fabien Boulevard","Boston","Maine","8854382085"
"846","23 Cowley Drive","Charlotte","Wisconsin","438722-0995"
"847","207 Rocky First Blvd.","San Francisco","South Dakota","8228634440"
"848","916 Milton Parkway","Garland","New Mexico","267-134-6627"
"849","119 East Hague Road","Phoenix","Ohio","433-970-7904"
"850","153 Rocky Old Street","Milwaukee","Michigan","3814264885"
"851","10 Oak Road","Columbus","North Dakota","2460144546"
"852","70 Hague Boulevard","Nashville","Kentucky","229745-2666"
"853","787 White Hague Freeway","Aurora","Oklahoma","195333-2340"
"854","65 Nobel Blvd.","Jacksonville","Virginia","9702828840"
"855","22 Green First Road","Fresno","Delaware","447508-9958"
"856","237 Milton St.","Stockton","Virginia","495-460-2697"
"857","381 Fabien Blvd.","Albuquerque","New Jersey","5827658978"
"858","85 Rocky Oak Blvd.","Tulsa","Utah","224834-8322"
"859","656 Old Way","Tacoma","Oklahoma","910060-7495"
"860","237 New Freeway","Columbus","Minnesota","581-921-1482"
"861","672 Cowley Street","Dayton","Maryland","433-7906298"
"862","496 Green Fabien Way","Glendale","Delaware","4399106979"
"863","832 West Nobel Parkway","Dallas","Kentucky","6874076850"
"864","478 Oak Street","Oklahoma","Nebraska","622853-3249"
"865","196 Green Nobel Boulevard","San Antonio","New Mexico","710850-3604"
"866","129 White Hague Way","Pittsburgh","Illinois","059-4711422"
"867","22 Rocky First Road","Santa Ana","Montana","1574791194"
"868","66 White Cowley Drive","Toledo","Vermont","249-732-0043"
"869","65 East Old Drive","Aurora","Wisconsin","328-781-2633"
"870","50 Hague Blvd.","El Paso","Vermont","2766588344"
"871","612 Green Clarendon Avenue","Tampa","North Dakota","426-938-4386"
"872","98 New Blvd.","Virginia Beach","Colorado","199338-8315"
"873","22 White Clarendon Drive","Washington","Michigan","4369919823"
"874","32 White Clarendon St.","El Paso","Hawaii","372-835-0424"
"875","21 Nobel Parkway","Long Beach","New Hampshire","512-060-1813"
"876","65 Green Hague Freeway","Columbus","Texas","405018-0748"
"877","824 North Milton Road","Fort Worth","Florida","576-7506689"
"878","52 South Milton Blvd.","Miami","Alabama","022983-4319"
"879","61 Green Clarendon Drive","Santa Ana","Massachusetts","312-310-9093"
"880","22 First Drive","Charlotte","West Virginia","339756-6354"
"881","374 East Rocky Nobel Parkway","Seattle","Pennsylvania","340546-8173"
"882","922 First Road","Louisville","Louisiana","990-0427589"
"883","30 First Freeway","Kansas","Kansas","966491-9779"
"884","11 East Green Old Parkway","Detroit","Mississippi","672730-9237"
"885","397 Clarendon Boulevard","Arlington","Tennessee","966258-9783"
"886","85 East White Cowley Drive","Atlanta","Rhode Island","362-0206545"
"887","896 Cowley Boulevard","Toledo","Wisconsin","253207-1916"
"888","87 East Green Oak St.","Memphis","Virginia","947391-7505"
"889","39 Hague Boulevard","Colorado","North Carolina","613331-2811"
"890","136 Rocky Fabien Drive","Philadelphia","West Virginia","013-284-2494"
"891","823 Milton Parkway","San Antonio","Montana","7029626358"
"892","18 East Milton Parkway","Los Angeles","Michigan","479-618-8680"
"893","46 White Nobel Road","Minneapolis","Alaska","9462644852"
"894","85 Old Parkway","Fremont","Arizona","926548-5207"
"895","127 North Cowley Way","Miami","Alabama","371-2678338"
"896","793 Cowley Avenue","Fresno","Hawaii","765-5034550"
"897","217 Green Milton Drive","Cleveland","Hawaii","066671-3509"
"898","873 Second Street","San Diego","South Dakota","109-8663443"
"899","29 Rocky Oak Freeway","Richmond","North Carolina","6072740537"
"900","198 Rocky Old Freeway","Des Moines","Connecticut","093-363-3997"
"901","824 Nobel Boulevard","Grand Rapids","Minnesota","227282-4590"
"902","12 White Second St.","Las Vegas","Virginia","3383029678"
"903","59 North White Second Freeway","Washington","North Carolina","277-7771798"
"904","10 Green New Avenue","Lubbock","South Carolina","763-0101923"
"905","239 East Nobel St.","Birmingham","Pennsylvania","513-6865603"
"906","45 East Green Milton St.","Jackson","New Hampshire","613-236-1609"
"907","736 Old Blvd.","San Diego","Vermont","7430369037"
"908","371 South White Cowley Avenue","Toledo","Montana","4170512401"
"909","628 White Milton Street","Grand Rapids","Kentucky","077-022-2453"
"910","715 North Nobel Avenue","Long Beach","Kansas","299-994-1349"
"911","774 East Rocky Nobel Parkway","Cincinnati","Pennsylvania","624132-1837"
"912","342 New Way","Glendale","New Jersey","507-2571342"
"913","71 Fabien Avenue","Garland","Mississippi","7830059764"
"914","649 Oak Blvd.","Louisville","Rhode Island","166050-1599"
"915","86 Milton St.","Little Rock","Ohio","7993564419"
"916","319 Fabien Drive","Portland","Alaska","482-5751892"
"917","221 First St.","Anaheim","Tennessee","415-086-6914"
"918","766 First Avenue","New York","Utah","540228-9396"
"919","892 White Fabien St.","Jersey","Ohio","554-381-6199"
"920","15 Clarendon Parkway","Stockton","Texas","560-773-1249"
"921","94 North Oak Parkway","Garland","Indiana","680-0577389"
"922","503 East Fabien St.","St. Louis","New Mexico","039338-7224"
"923","34 Green Cowley Blvd.","Tacoma","Illinois","141715-9845"
"924","810 North Green Hague Way","Rochester","Alabama","483824-2992"
"925","760 White Hague Boulevard","Indianapolis","Maryland","8232138767"
"926","804 Hague Way","Colorado","Idaho","583-985-8971"
"927","41 Fabien Drive","Little Rock","California","723-656-3540"
"928","60 Nobel Freeway","El Paso","Maryland","1563689789"
"929","359 Nobel Freeway","Richmond","Georgia","231-633-0214"
"930","70 New Drive","Yonkers","Louisiana","345-229-0374"
"931","15 Clarendon Boulevard","Columbus","New York","966933-7228"
"932","39 Second Way","Cleveland","Louisiana","154-424-9377"
"933","56 Green Old Drive","Akron","Maine","3693549149"
"934","245 North Second Drive","Baton Rouge","Indiana","9014856153"
"935","489 Second Freeway","Wichita","Montana","656-1325149"
"936","603 Rocky Second Way","St. Paul","Tennessee","375-921-4100"
"937","76 West Oak Drive","Pittsburgh","Oklahoma","2004435732"
"938","799 North Second Blvd.","Honolulu","Nebraska","335-864-3417"
"939","945 Rocky Nobel Parkway","Miami","Oklahoma","022-508-8471"
"940","21 Fabien Road","Grand Rapids","Indiana","299058-5501"
"941","571 Rocky Nobel Avenue","Portland","Utah","935-348-3439"
"942","394 North Milton Avenue","Arlington","Minnesota","492-4444389"
"943","920 Old Freeway","Charlotte","New Jersey","997586-8096"
"944","765 Oak Way","El Paso","Louisiana","5286385984"
"945","64 South Cowley Parkway","Louisville","Georgia","968-3745297"
"946","591 Old Blvd.","Memphis","Washington","3472416179"
"947","71 East Cowley Way","San Jose","West Virginia","692215-8815"
"948","66 Rocky Fabien Avenue","Grand Rapids","Indiana","330019-4493"
"949","53 Green New Freeway","Chicago","Louisiana","294-500-1825"
"950","373 Fabien Drive","Columbus","Wisconsin","335-201-5086"
"951","62 Oak Avenue","Lubbock","Maine","712839-2275"
"952","13 Old Boulevard","Cleveland","Louisiana","184-0961805"
"953","354 South Rocky New Avenue","Albuquerque","Colorado","514-963-0343"
"954","963 First Drive","Chicago","South Carolina","925-6577566"
"955","19 Green Clarendon Road","Dayton","Texas","934-086-5416"
"956","53 West White First Way","Omaha","Texas","643-839-9361"
"957","51 New St.","Riverside","North Dakota","406-6941647"
"958","33 Rocky Oak Avenue","Wichita","New York","240-324-6437"
"959","83 Cowley Parkway","Raleigh","Massachusetts","625488-7048"
"960","568 Green Clarendon Way","Detroit","Nebraska","281-5362621"
"961","32 Nobel Boulevard","Grand Rapids","Mississippi","156-9193688"
"962","607 Cowley St.","Yonkers","Missouri","275-7213572"
"963","861 Green Fabien St.","Baton Rouge","Kansas","857130-1937"
"964","78 North Clarendon Parkway","Fort Wayne","Wisconsin","847-401-9494"
"965","87 West Green Second Road","Pittsburgh","North Dakota","347-7939748"
"966","549 Milton Drive","Cleveland","Massachusetts","793974-7455"
"967","27 White Hague St.","Seattle","Hawaii","745720-9198"
"968","991 North Milton Avenue","Memphis","Hawaii","662-909-5940"
"969","13 White Nobel Blvd.","Dallas","Illinois","3384255820"
"970","64 White Old Boulevard","Albuquerque","Texas","786-022-6415"
"971","713 New Street","Garland","Kansas","770-631-4122"
"972","145 Fabien Blvd.","Columbus","Kansas","079-6230156"
"973","46 East White Cowley Blvd.","Colorado","Florida","910780-3644"
"974","37 West Green Second Freeway","Yonkers","Massachusetts","9909575333"
"975","900 West New Drive","Tulsa","Wisconsin","485-3071659"
"976","81 White Second Street","Garland","South Dakota","0790193317"
"977","635 Clarendon Parkway","Arlington","Alaska","3475028116"
"978","761 North Hague Parkway","Baton Rouge","Vermont","208747-3801"
"979","765 Green Clarendon Road","Phoenix","South Dakota","990-6969519"
"980","31 Cowley St.","Tacoma","Mississippi","993345-9723"
"981","360 First Blvd.","Tulsa","Indiana","600-910-2499"
"982","22 Milton Drive","Indianapolis","Tennessee","227-353-4400"
"983","71 Hague Boulevard","Washington","Arizona","962-847-7924"
"984","89 Oak Avenue","Birmingham","Hawaii","955-6981764"
"985","981 First Blvd.","Fremont","Wyoming","410-6167543"
"986","58 South Oak St.","Anchorage","Iowa","428987-9840"
"987","744 Rocky Second Street","Yonkers","Idaho","182-689-7953"
"988","874 White First Drive","Jersey","New Hampshire","154-888-5373"
"989","92 South First Road","Grand Rapids","Massachusetts","775-9235368"
"990","108 Old Parkway","Houston","North Dakota","934-343-3988"
"991","44 West Green First Avenue","Greensboro","Florida","2160349278"
"992","796 West Rocky Oak Road","Greensboro","California","429-2953331"
"993","77 East Nobel St.","Anchorage","Colorado","0344766980"
"994","189 West Oak Parkway","Oakland","Georgia","1641982500"
"995","732 Green Oak Blvd.","New York","South Carolina","792-5707528"
"996","42 New Drive","Miami","Maryland","2146840588"
"997","30 Nobel Drive","Denver","Connecticut","9667654651"
"998","71 South Rocky Clarendon Blvd.","Virginia Beach","New Mexico","569-004-8469"
"999","23 Rocky New Avenue","Madison","North Dakota","081-193-6653"
"1000","21 Old Freeway","Charlotte","South Carolina","922358-9237"
